feature_type	nb_intersections_esperance_shuffled	nb_intersections_variance_shuffled	nb_intersections_negbinom_fit_quality	nb_intersections_log2_fold_change	nb_intersections_true	nb_intersections_pvalue	summed_bp_overlaps_esperance_shuffled	summed_bp_overlaps_variance_shuffled	summed_bp_overlaps_negbinom_fit_quality	summed_bp_overlaps_log2_fold_change	summed_bp_overlaps_true	summed_bp_overlaps_pvalue
exon_nbr_cat:[1.0_2.0]	20.61	38.36	0.9065799999999999	6.02991	1347	0.0	5020.77	4800763.47	0.8870299999999999	6.38705	420207	5.5609999999999987e-182
exon_nbr_cat:(12.0_107.0]	26.75	66.92	0.8612700000000001	0.16542	30	0.3004	5895.97	7447326.21	0.85034	-0.24445	4977	0.4212
exon_nbr_cat:(2.0_4.0]	16.59	33.54	0.8717799999999999	3.82384	235	2.4489999999999998e-51	3226.76	2661153.71	0.8683299999999999	3.77256	44098	1.245e-19
exon_nbr_cat:(6.0_12.0]	22.27	48.91	0.8528399999999999	2.1076099999999998	96	7.222e-12	4875.73	6543566.01	0.9186200000000001	1.9867	19324	0.00019509999999999997
exon_nbr_cat:(4.0_6.0]	14.91	25.3	0.87766	2.9468	115	3.157e-26	3053.86	3649622.13	0.8521700000000001	2.81945	21557	1.034e-06
