feature_type	nb_intersections_esperance_shuffled	nb_intersections_variance_shuffled	nb_intersections_negbinom_fit_quality	nb_intersections_log2_fold_change	nb_intersections_true	nb_intersections_pvalue	summed_bp_overlaps_esperance_shuffled	summed_bp_overlaps_variance_shuffled	summed_bp_overlaps_negbinom_fit_quality	summed_bp_overlaps_log2_fold_change	summed_bp_overlaps_true	summed_bp_overlaps_pvalue
exon_nbr_cat:(2.0_4.0]	16.89	34.17	0.8724	3.79885	235	5.344e-51	3540.97	3043477.44	0.84834	3.6385	44098	1.6899999999999999e-18
exon_nbr_cat:(4.0_6.0]	14.73	24.72	0.89371	2.96431	115	9.681999999999999e-27	3001.12	2753007.45	0.86118	2.84458	21557	3.406e-08
exon_nbr_cat:(12.0_107.0]	27.95	76.36	0.87539	0.10211	30	0.3558	6359.27	8371857.95	0.8479899999999999	-0.35358	4977	0.3586
exon_nbr_cat:[1.0_2.0]	21.52	38.48	0.87066	5.96793	1347	0.0	5131.36	5364473.37	0.8555799999999999	6.3556099999999995	420207	1.6729999999999994e-166
exon_nbr_cat:(6.0_12.0]	21.62	47.47	0.8462700000000001	2.15067	96	3.963e-12	4869.26	5713049.63	0.8206399999999999	1.98862	19324	8.003e-05
