feature_type	nb_intersections_esperance_shuffled	nb_intersections_variance_shuffled	nb_intersections_negbinom_fit_quality	nb_intersections_log2_fold_change	nb_intersections_true	nb_intersections_pvalue	summed_bp_overlaps_esperance_shuffled	summed_bp_overlaps_variance_shuffled	summed_bp_overlaps_negbinom_fit_quality	summed_bp_overlaps_log2_fold_change	summed_bp_overlaps_true	summed_bp_overlaps_pvalue
exon_nbr_cat:(2.0_4.0]	16.89	34.17	0.8724	3.79885	235	1.11e-16	3540.97	3043477.44	0.84834	3.6385	44098	1.11e-16
exon_nbr_cat:(4.0_6.0]	14.73	24.72	0.89371	2.96431	115	1.11e-16	3001.12	2753007.45	0.86118	2.84458	21557	3.406e-08
exon_nbr_cat:(6.0_12.0]	21.2	45.46	0.81405	2.1793099999999996	96	1.359e-12	4626.15	5944155.63	0.8471299999999999	2.06251	19324	0.0001084
exon_nbr_cat:[1.0_2.0]	20.98	39.34	0.85761	6.00494	1347	1.11e-16	5118.95	4764361.67	0.8794700000000001	6.35911	420207	1.11e-16
exon_nbr_cat:(12.0_107.0]	27.11	72.1	0.85601	0.14587	30	0.3191	5997.09	5595000.54	0.9055200000000001	-0.26899	4977	0.3728
