feature_type	nb_intersections_esperance_shuffled	nb_intersections_variance_shuffled	nb_intersections_negbinom_fit_quality	nb_intersections_log2_fold_change	nb_intersections_true	nb_intersections_pvalue	summed_bp_overlaps_esperance_shuffled	summed_bp_overlaps_variance_shuffled	summed_bp_overlaps_negbinom_fit_quality	summed_bp_overlaps_log2_fold_change	summed_bp_overlaps_true	summed_bp_overlaps_pvalue
exon_nbr_cat:(2.0_4.0]	16.89	34.17	0.8724	3.79885	235	1.11e-16	3540.97	3043477.44	0.84834	3.6385	44098	1.11e-16
exon_nbr_cat:(6.0_12.0]	21.32	44.46	0.88084	2.17117	96	6.64e-13	4669.31	5269953.67	0.8951100000000001	2.0491099999999998	19324	4.5799999999999995e-05
exon_nbr_cat:[1.0_2.0]	20.64	44.88	0.8986200000000001	6.02851	1347	1.11e-16	4937.03	5398791.74	0.92105	6.41131	420207	1.11e-16
exon_nbr_cat:(4.0_6.0]	15.15	25.21	0.88594	2.92377	115	1.11e-16	3131.38	2675155.61	0.8607600000000001	2.78329	21557	1.655e-08
exon_nbr_cat:(12.0_107.0]	27.21	81.15	0.90923	0.14056	30	0.3284	5865.42	7582629.73	0.8450799999999999	-0.23696	4977	0.4281
