feature_type	nb_intersections_esperance_shuffled	nb_intersections_variance_shuffled	nb_intersections_negbinom_fit_quality	nb_intersections_log2_fold_change	nb_intersections_true	nb_intersections_pvalue	summed_bp_overlaps_esperance_shuffled	summed_bp_overlaps_variance_shuffled	summed_bp_overlaps_negbinom_fit_quality	summed_bp_overlaps_log2_fold_change	summed_bp_overlaps_true	summed_bp_overlaps_pvalue
exon_nbr_cat:(6.0_12.0]	21.11	48.86	0.79619	2.18511	96	1.0510000000000001e-11	4376.91	5621985.56	0.89264	2.14241	19324	7.805e-05
exon_nbr_cat:(4.0_6.0]	15.11	31.82	0.86067	2.9285400000000004	115	1.11e-16	2905.55	2798728.08	0.9070299999999999	2.89127	21557	5.3889999999999995e-08
exon_nbr_cat:(2.0_4.0]	16.71	26.83	0.86815	3.81345	235	1.11e-16	3247.57	2267581.05	0.83363	3.7632800000000004	44098	1.11e-16
exon_nbr_cat:(12.0_107.0]	27.32	71.56	0.8789	0.13501	30	0.3272	5937.61	6954712.0	0.8694700000000001	-0.25461	4977	0.4071
exon_nbr_cat:[1.0_2.0]	20.9	33.07	0.8847799999999999	6.0101	1347	1.11e-16	4893.51	4429301.97	0.8847299999999999	6.4240900000000005	420207	1.11e-16
