feature_type	nb_intersections_esperance_shuffled	nb_intersections_variance_shuffled	nb_intersections_negbinom_fit_quality	nb_intersections_log2_fold_change	nb_intersections_true	nb_intersections_pvalue	summed_bp_overlaps_esperance_shuffled	summed_bp_overlaps_variance_shuffled	summed_bp_overlaps_negbinom_fit_quality	summed_bp_overlaps_log2_fold_change	summed_bp_overlaps_true	summed_bp_overlaps_pvalue
exon_nbr_cat:(2.0_4.0]	16.89	34.17	0.8724	3.79885	235	1.11e-16	3540.97	3043477.44	0.84834	3.6385	44098	1.11e-16
exon_nbr_cat:(4.0_6.0]	14.73	24.72	0.89371	2.96431	115	1.11e-16	3001.12	2753007.45	0.86118	2.84458	21557	3.406e-08
exon_nbr_cat:(12.0_107.0]	27.95	76.36	0.87539	0.10211	30	0.3558	6359.27	8371857.95	0.8479899999999999	-0.35358	4977	0.3586
exon_nbr_cat:(6.0_12.0]	22.13	41.46	0.8521700000000001	2.1170299999999997	96	4.896e-14	4676.7	5361868.98	0.87165	2.04683	19324	5.203e-05
exon_nbr_cat:[1.0_2.0]	21.53	42.47	0.8761899999999999	5.96726	1347	1.11e-16	5074.39	5128174.17	0.86077	6.37172	420207	1.11e-16
