feature_type	nb_intersections_esperance_shuffled	nb_intersections_variance_shuffled	nb_intersections_negbinom_fit_quality	nb_intersections_log2_fold_change	nb_intersections_true	nb_intersections_pvalue	summed_bp_overlaps_esperance_shuffled	summed_bp_overlaps_variance_shuffled	summed_bp_overlaps_negbinom_fit_quality	summed_bp_overlaps_log2_fold_change	summed_bp_overlaps_true	summed_bp_overlaps_pvalue
exon_nbr_cat:[1.0_2.0]	20.61	38.36	0.9065799999999999	6.02991	1347	0.0	5020.77	4800763.47	0.8870299999999999	6.38705	420207	5.5609999999999987e-182
exon_nbr_cat:(2.0_4.0]	16.32	31.13	0.9071799999999999	3.84839	235	1.509e-55	3209.96	2900733.25	0.8548399999999999	3.78009	44098	3.8429999999999995e-18
exon_nbr_cat:(4.0_6.0]	14.68	25.4	0.8862	2.9702	115	9.007999999999999e-26	2952.12	2445194.47	0.85034	2.86833	21557	6.512e-09
exon_nbr_cat:(6.0_12.0]	21.23	41.52	0.8723200000000001	2.17659	96	7.776e-14	4582.84	5208350.86	0.90938	2.07608	19324	4.263e-05
exon_nbr_cat:(12.0_107.0]	26.92	72.25	0.87723	0.15628	30	0.3114	5850.71	5448734.58	0.86972	-0.23334000000000002	4977	0.3977
